{"cameraMode":{"drawMode":0,"name":"Shaded","section":"Shading Mode"},"sceneLighting":true,"audioPlay":false,"sceneViewState":{"showFog":true,"showMaterialUpdate":true,"showSkybox":true,"showFlares":true,"showImageEffects":true,"showParticleSystems":true},"in2DMode":false,"pivot":{"x":0.1377679854631424,"y":0.9385693073272705,"z":0.7769418954849243},"rotation":{"x":0.04486718773841858,"y":-0.6622394919395447,"z":0.03978213295340538,"w":0.7468888759613037},"size":0.5176830291748047,"orthographic":true}