{"cameraMode":{"drawMode":0,"name":"Shaded","section":"Shading Mode"},"sceneLighting":false,"audioPlay":false,"sceneViewState":{"showFog":true,"showMaterialUpdate":true,"showSkybox":true,"showFlares":true,"showImageEffects":true,"showParticleSystems":true},"in2DMode":false,"pivot":{"x":0.0,"y":1.1821022033691407,"z":5.960464477539063e-8},"rotation":{"x":-0.05380890518426895,"y":-0.0778074786067009,"z":0.004207022022455931,"w":-0.9955064058303833},"size":4.316216945648193,"orthographic":true}