{"cameraMode":{"drawMode":0,"name":"Shaded","section":"Shading Mode"},"sceneLighting":false,"audioPlay":false,"sceneViewState":{"showFog":true,"showMaterialUpdate":true,"showSkybox":true,"showFlares":true,"showImageEffects":true,"showParticleSystems":true},"in2DMode":false,"pivot":{"x":0.0,"y":0.8942840695381165,"z":0.7639999985694885},"rotation":{"x":-0.3466477394104004,"y":0.004220681730657816,"z":-0.0015595084987580777,"w":-0.9379845857620239},"size":0.172648623585701,"orthographic":true}