{"cameraMode":{"drawMode":0,"name":"Shaded","section":"Shading Mode"},"sceneLighting":false,"audioPlay":false,"sceneViewState":{"showFog":true,"showMaterialUpdate":true,"showSkybox":false,"showFlares":true,"showImageEffects":true,"showParticleSystems":true},"in2DMode":false,"pivot":{"x":0.3850710391998291,"y":0.8777909278869629,"z":0.3359003961086273},"rotation":{"x":0.5460340976715088,"y":0.4442101716995239,"z":-0.42773354053497317,"w":0.5670753717422485},"size":0.14497922360897065,"orthographic":true}