{"cameraMode":{"drawMode":0,"name":"Shaded","section":"Shading Mode"},"sceneLighting":false,"audioPlay":false,"sceneViewState":{"showFog":true,"showMaterialUpdate":true,"showSkybox":true,"showFlares":true,"showImageEffects":true,"showParticleSystems":true},"in2DMode":false,"pivot":{"x":-0.049880631268024448,"y":1.0157384872436524,"z":0.6816099882125855},"rotation":{"x":0.26872533559799197,"y":0.07850262522697449,"z":-0.02197764813899994,"w":0.9597609639167786},"size":0.10039450228214264,"orthographic":true}