{"cameraMode":{"drawMode":0,"name":"Shaded","section":"Shading Mode"},"sceneLighting":false,"audioPlay":false,"sceneViewState":{"showFog":true,"showMaterialUpdate":true,"showSkybox":true,"showFlares":true,"showImageEffects":true,"showParticleSystems":true},"in2DMode":false,"pivot":{"x":0.0,"y":0.04726226627826691,"z":0.05999999865889549},"rotation":{"x":-0.28100311756134035,"y":-0.03166356682777405,"z":0.00927693396806717,"w":-0.9591395258903503},"size":0.25437846779823305,"orthographic":true}