{"cameraMode":{"drawMode":0,"name":"Shaded","section":"Shading Mode"},"sceneLighting":false,"audioPlay":false,"sceneViewState":{"showFog":true,"showMaterialUpdate":true,"showSkybox":true,"showFlares":true,"showImageEffects":true,"showParticleSystems":true},"in2DMode":false,"pivot":{"x":0.0,"y":0.8777304887771606,"z":0.8421466946601868},"rotation":{"x":-0.6626892685890198,"y":-0.11802257597446442,"z":0.10688178986310959,"w":-0.7317718267440796},"size":0.2479608654975891,"orthographic":true}